date,open,high,low,close,volume,hold
2024-07-25 11:15:00,2990.0,2993.0,2985.0,2989.0,15609,609795
2024-07-25 14:15:00,2988.0,2997.0,2987.0,2992.0,18545,610180
2024-07-25 15:00:00,2992.0,2994.0,2985.0,2988.0,9652,610504
2024-07-25 22:00:00,2996.0,3006.0,2991.0,2994.0,164455,616013
2024-07-25 23:00:00,2994.0,3008.0,2992.0,3002.0,100595,614776
2024-07-26 10:00:00,2997.0,3008.0,2997.0,3004.0,95108,614183
2024-07-26 11:15:00,3005.0,3006.0,3000.0,3001.0,34652,613474
2024-07-26 14:15:00,3001.0,3004.0,3000.0,3001.0,21406,615639
2024-07-26 15:00:00,3001.0,3001.0,2993.0,2998.0,14579,616262
2024-07-26 22:00:00,2986.0,3000.0,2980.0,2987.0,31577,624287
2024-07-26 23:00:00,2987.0,2988.0,2969.0,2973.0,38988,637632
2024-07-29 10:00:00,2944.0,2951.0,2925.0,2948.0,96747,648432
2024-07-29 11:15:00,2948.0,2949.0,2940.0,2945.0,15993,648853
2024-07-29 14:15:00,2945.0,2955.0,2942.0,2951.0,25368,652767
2024-07-29 15:00:00,2951.0,2959.0,2949.0,2953.0,12172,651418
2024-07-29 22:00:00,2942.0,2950.0,2938.0,2944.0,20505,652285
2024-07-29 23:00:00,2943.0,2944.0,2933.0,2938.0,15289,657554
2024-07-30 10:00:00,2956.0,2958.0,2945.0,2947.0,18249,656732
2024-07-30 11:15:00,2947.0,2954.0,2945.0,2948.0,13539,657625
2024-07-30 14:15:00,2948.0,2949.0,2940.0,2943.0,15705,657927
2024-07-30 15:00:00,2943.0,2947.0,2941.0,2943.0,11703,657648
2024-07-30 22:00:00,2931.0,2943.0,2925.0,2928.0,36105,669160
2024-07-30 23:00:00,2928.0,2934.0,2920.0,2927.0,25874,674910
2024-07-31 10:00:00,2926.0,2935.0,2924.0,2933.0,25209,680515
2024-07-31 11:15:00,2934.0,2942.0,2932.0,2941.0,22980,686519
2024-07-31 14:15:00,2941.0,2947.0,2938.0,2941.0,23593,691464
2024-07-31 15:00:00,2942.0,2949.0,2940.0,2944.0,18098,698057
2024-07-31 22:00:00,2940.0,2948.0,2932.0,2934.0,36779,706050
2024-07-31 23:00:00,2934.0,2934.0,2926.0,2927.0,25426,718422
2024-08-01 10:00:00,2936.0,2936.0,2930.0,2932.0,14226,718771
2024-08-01 11:15:00,2932.0,2934.0,2915.0,2916.0,33245,724113
2024-08-01 14:15:00,2916.0,2942.0,2914.0,2939.0,27888,721892
2024-08-01 15:00:00,2939.0,2941.0,2932.0,2937.0,14712,721849
2024-08-01 22:00:00,2935.0,2940.0,2929.0,2936.0,18611,723839
2024-08-01 23:00:00,2936.0,2938.0,2929.0,2933.0,14512,724456
2024-08-02 10:00:00,2932.0,2943.0,2926.0,2941.0,26303,722960
2024-08-02 11:15:00,2941.0,2951.0,2937.0,2948.0,25535,728867
2024-08-02 14:15:00,2949.0,2954.0,2945.0,2948.0,24346,730322
2024-08-02 15:00:00,2948.0,2957.0,2945.0,2953.0,20907,731491
2024-08-02 22:00:00,2957.0,2962.0,2946.0,2960.0,34241,734734
2024-08-02 23:00:00,2960.0,2962.0,2941.0,2945.0,30090,741644
2024-08-05 10:00:00,2946.0,2958.0,2940.0,2952.0,25275,743074
2024-08-05 11:15:00,2952.0,2960.0,2945.0,2956.0,15419,746064
2024-08-05 14:15:00,2956.0,2958.0,2938.0,2941.0,16484,750135
2024-08-05 15:00:00,2941.0,2948.0,2933.0,2938.0,24842,754926
2024-08-05 22:00:00,2916.0,2925.0,2908.0,2920.0,42968,761012
2024-08-05 23:00:00,2920.0,2938.0,2917.0,2932.0,21683,759092
2024-08-06 10:00:00,2941.0,2947.0,2934.0,2943.0,19241,760397
2024-08-06 11:15:00,2943.0,2944.0,2936.0,2937.0,11584,759191
2024-08-06 14:15:00,2937.0,2938.0,2916.0,2920.0,27007,758455
2024-08-06 15:00:00,2919.0,2926.0,2918.0,2921.0,11943,758143
2024-08-06 22:00:00,2928.0,2936.0,2925.0,2927.0,23435,762569
2024-08-06 23:00:00,2926.0,2930.0,2916.0,2923.0,43348,770740
2024-08-07 10:00:00,2922.0,2930.0,2918.0,2927.0,33288,770383
2024-08-07 11:15:00,2927.0,2928.0,2916.0,2919.0,30654,772314
2024-08-07 14:15:00,2919.0,2919.0,2906.0,2909.0,39854,774036
2024-08-07 15:00:00,2909.0,2912.0,2892.0,2898.0,54929,768085
2024-08-07 22:00:00,2899.0,2905.0,2886.0,2894.0,37424,768143
2024-08-07 23:00:00,2894.0,2896.0,2885.0,2885.0,14672,768832
2024-08-08 10:00:00,2885.0,2896.0,2884.0,2889.0,22381,771692
2024-08-08 11:15:00,2889.0,2908.0,2889.0,2907.0,31855,772699
2024-08-08 14:15:00,2907.0,2908.0,2902.0,2902.0,15232,773413
2024-08-08 15:00:00,2902.0,2903.0,2893.0,2893.0,11863,773496
2024-08-08 22:00:00,2900.0,2901.0,2887.0,2888.0,36388,780034
2024-08-08 23:00:00,2888.0,2889.0,2872.0,2873.0,35010,785502
2024-08-09 10:00:00,2881.0,2885.0,2876.0,2883.0,22678,786885
2024-08-09 11:15:00,2883.0,2896.0,2879.0,2894.0,22490,788792
2024-08-09 14:15:00,2894.0,2903.0,2887.0,2895.0,39755,800267
2024-08-09 15:00:00,2895.0,2896.0,2887.0,2894.0,11339,801444
2024-08-09 22:00:00,2896.0,2898.0,2885.0,2888.0,42147,803412
2024-08-09 23:00:00,2889.0,2894.0,2878.0,2887.0,37920,804067
2024-08-12 10:00:00,2871.0,2882.0,2859.0,2873.0,114434,809140
2024-08-12 11:15:00,2873.0,2877.0,2866.0,2875.0,34235,813272
2024-08-12 14:15:00,2875.0,2886.0,2872.0,2877.0,48765,825216
2024-08-12 15:00:00,2877.0,2880.0,2869.0,2874.0,21352,826846
2024-08-12 22:00:00,2872.0,2876.0,2865.0,2870.0,79866,833536
2024-08-12 23:00:00,2870.0,2872.0,2856.0,2856.0,71572,838696
2024-08-13 10:00:00,2856.0,2867.0,2844.0,2845.0,295218,870588
2024-08-13 11:15:00,2845.0,2849.0,2831.0,2834.0,90306,875402
2024-08-13 14:15:00,2834.0,2834.0,2780.0,2782.0,207158,874474
2024-08-13 15:00:00,2782.0,2786.0,2769.0,2783.0,95986,873442
2024-08-13 22:00:00,2780.0,2781.0,2758.0,2763.0,110584,882275
2024-08-13 23:00:00,2762.0,2765.0,2745.0,2746.0,80454,888579
2024-08-14 10:00:00,2739.0,2750.0,2714.0,2738.0,201114,880538
2024-08-14 11:15:00,2738.0,2752.0,2732.0,2749.0,64767,880499
2024-08-14 14:15:00,2749.0,2770.0,2742.0,2764.0,71464,878368
2024-08-14 15:00:00,2764.0,2767.0,2759.0,2763.0,23507,877255
2024-08-14 22:00:00,2771.0,2798.0,2770.0,2788.0,102319,893780
2024-08-14 23:00:00,2788.0,2790.0,2780.0,2786.0,27868,895320
2024-08-15 10:00:00,2794.0,2794.0,2775.0,2781.0,36594,898195
2024-08-15 11:15:00,2781.0,2791.0,2779.0,2785.0,25258,900740
2024-08-15 14:15:00,2785.0,2787.0,2769.0,2772.0,43593,898710
2024-08-15 15:00:00,2772.0,2785.0,2771.0,2784.0,18541,901116
2024-08-15 22:00:00,2773.0,2787.0,2771.0,2785.0,98306,906288
2024-08-15 23:00:00,2784.0,2794.0,2779.0,2794.0,127130,905380
2024-08-16 10:00:00,2780.0,2785.0,2769.0,2775.0,100301,900720
2024-08-16 11:15:00,2775.0,2779.0,2772.0,2775.0,19093,901711
2024-08-16 14:15:00,2775.0,2779.0,2768.0,2773.0,27389,901778
2024-08-16 15:00:00,2773.0,2773.0,2763.0,2770.0,20727,905635
2024-08-16 22:00:00,2763.0,2772.0,2761.0,2769.0,30450,908183
2024-08-16 23:00:00,2769.0,2772.0,2755.0,2757.0,24078,909717
2024-08-19 10:00:00,2774.0,2785.0,2773.0,2778.0,43604,910361
2024-08-19 11:15:00,2778.0,2779.0,2758.0,2762.0,31152,911460
2024-08-19 14:15:00,2761.0,2766.0,2752.0,2765.0,32260,910111
2024-08-19 15:00:00,2764.0,2765.0,2756.0,2762.0,14714,910701
2024-08-19 22:00:00,2759.0,2774.0,2759.0,2767.0,44730,912827
2024-08-19 23:00:00,2768.0,2787.0,2765.0,2785.0,59862,910634
2024-08-20 10:00:00,2802.0,2805.0,2782.0,2785.0,64191,906455
2024-08-20 11:15:00,2785.0,2792.0,2783.0,2787.0,24803,910567
2024-08-20 14:15:00,2788.0,2794.0,2785.0,2790.0,22336,913423
2024-08-20 15:00:00,2790.0,2792.0,2784.0,2789.0,20111,913593
2024-08-20 22:00:00,2787.0,2802.0,2787.0,2799.0,30264,915114
2024-08-20 23:00:00,2799.0,2805.0,2789.0,2793.0,21242,915367
2024-08-21 10:00:00,2799.0,2799.0,2784.0,2785.0,31624,922875
2024-08-21 11:15:00,2785.0,2793.0,2785.0,2792.0,20469,923884
2024-08-21 14:15:00,2792.0,2813.0,2788.0,2802.0,42945,923144
2024-08-21 15:00:00,2802.0,2815.0,2801.0,2811.0,34133,922123
2024-08-21 22:00:00,2815.0,2827.0,2814.0,2818.0,157161,925850
2024-08-21 23:00:00,2818.0,2824.0,2813.0,2816.0,79428,925148
2024-08-22 10:00:00,2814.0,2816.0,2803.0,2809.0,117723,923667
2024-08-22 11:15:00,2809.0,2816.0,2800.0,2814.0,61476,926140
2024-08-22 14:15:00,2814.0,2816.0,2794.0,2799.0,65861,929490
2024-08-22 15:00:00,2799.0,2802.0,2789.0,2796.0,22922,931268
2024-08-22 22:00:00,2788.0,2799.0,2786.0,2799.0,69154,933686
2024-08-22 23:00:00,2799.0,2800.0,2777.0,2781.0,63392,935729
2024-08-23 10:00:00,2782.0,2797.0,2782.0,2793.0,58722,939468
2024-08-23 11:15:00,2793.0,2802.0,2791.0,2795.0,23354,939385
2024-08-23 14:15:00,2795.0,2798.0,2786.0,2788.0,25670,940651
2024-08-23 15:00:00,2788.0,2789.0,2780.0,2782.0,23722,945735
2024-08-23 22:00:00,2782.0,2791.0,2780.0,2784.0,38568,951309
2024-08-23 23:00:00,2784.0,2808.0,2784.0,2800.0,41072,950056
2024-08-26 10:00:00,2788.0,2801.0,2781.0,2791.0,67525,964198
2024-08-26 11:15:00,2791.0,2793.0,2764.0,2773.0,64812,975736
2024-08-26 14:15:00,2773.0,2801.0,2773.0,2796.0,50161,967109
2024-08-26 15:00:00,2796.0,2805.0,2796.0,2805.0,17015,965441
2024-08-26 22:00:00,2796.0,2810.0,2794.0,2803.0,45131,971189
2024-08-26 23:00:00,2803.0,2814.0,2802.0,2812.0,25020,972520
2024-08-27 10:00:00,2820.0,2823.0,2810.0,2817.0,44250,972883
2024-08-27 11:15:00,2817.0,2825.0,2816.0,2820.0,47312,972269
2024-08-27 14:15:00,2820.0,2827.0,2816.0,2822.0,48409,967734
2024-08-27 15:00:00,2822.0,2825.0,2817.0,2825.0,16672,967760
2024-08-27 22:00:00,2831.0,2866.0,2829.0,2857.0,116378,976343
2024-08-27 23:00:00,2858.0,2867.0,2852.0,2856.0,61749,983802
2024-08-28 10:00:00,2852.0,2852.0,2840.0,2849.0,55887,984304
2024-08-28 11:15:00,2849.0,2850.0,2834.0,2835.0,35909,989201
2024-08-28 14:15:00,2835.0,2838.0,2829.0,2834.0,32287,989695
2024-08-28 15:00:00,2834.0,2844.0,2834.0,2841.0,19644,991996
2024-08-28 22:00:00,2826.0,2843.0,2825.0,2841.0,49355,999320
2024-08-28 23:00:00,2841.0,2848.0,2841.0,2844.0,20533,999359
2024-08-29 10:00:00,2839.0,2848.0,2834.0,2842.0,36841,997828
2024-08-29 11:15:00,2843.0,2843.0,2836.0,2839.0,17806,997145
2024-08-29 14:15:00,2839.0,2854.0,2839.0,2849.0,33036,995720
2024-08-29 15:00:00,2849.0,2851.0,2840.0,2842.0,23721,996634
2024-08-29 22:00:00,2855.0,2855.0,2845.0,2851.0,37640,996087
2024-08-29 23:00:00,2852.0,2856.0,2848.0,2854.0,20066,994645
2024-08-30 10:00:00,2858.0,2866.0,2854.0,2858.0,57159,998687
2024-08-30 11:15:00,2858.0,2872.0,2854.0,2868.0,47407,1002632
2024-08-30 14:15:00,2869.0,2873.0,2861.0,2864.0,47878,1000334
2024-08-30 15:00:00,2865.0,2866.0,2855.0,2861.0,22579,999055
2024-08-30 22:00:00,2868.0,2872.0,2847.0,2851.0,58705,1002131
2024-08-30 23:00:00,2851.0,2853.0,2832.0,2834.0,57106,1012396
2024-09-02 10:00:00,2842.0,2847.0,2836.0,2845.0,52294,1012194
2024-09-02 11:15:00,2844.0,2854.0,2838.0,2846.0,46925,1013407
2024-09-02 14:15:00,2846.0,2856.0,2841.0,2850.0,34485,1011102
2024-09-02 15:00:00,2850.0,2857.0,2847.0,2853.0,31202,1009477
2024-09-02 22:00:00,2854.0,2861.0,2839.0,2846.0,47557,1011158
2024-09-02 23:00:00,2846.0,2856.0,2841.0,2850.0,17064,1010079
2024-09-03 10:00:00,2848.0,2856.0,2840.0,2853.0,90454,1013257
2024-09-03 11:15:00,2852.0,2866.0,2845.0,2846.0,81189,1008182
2024-09-03 14:15:00,2846.0,2932.0,2844.0,2876.0,241954,1014934
2024-09-03 15:00:00,2876.0,2886.0,2870.0,2884.0,55326,1013509
2024-09-03 22:00:00,2893.0,2893.0,2856.0,2863.0,121372,1025712
2024-09-03 23:00:00,2863.0,2866.0,2844.0,2849.0,72671,1026322
2024-09-04 10:00:00,2862.0,2869.0,2854.0,2867.0,70897,1019096
2024-09-04 11:15:00,2868.0,2872.0,2863.0,2866.0,26515,1017757
2024-09-04 14:15:00,2866.0,2868.0,2845.0,2846.0,47984,1017415
2024-09-04 15:00:00,2845.0,2845.0,2833.0,2842.0,55458,1017008
2024-09-04 22:00:00,2849.0,2855.0,2840.0,2847.0,111219,1019573
2024-09-04 23:00:00,2846.0,2851.0,2834.0,2844.0,93968,1009657
2024-09-05 10:00:00,2851.0,2883.0,2844.0,2876.0,128339,998932
2024-09-05 11:15:00,2877.0,2882.0,2856.0,2868.0,63406,1001377
2024-09-05 14:15:00,2868.0,2868.0,2853.0,2861.0,53360,1009806
2024-09-05 15:00:00,2861.0,2869.0,2859.0,2864.0,22203,1007535
2024-09-05 22:00:00,2861.0,2872.0,2855.0,2867.0,73240,1011481
2024-09-05 23:00:00,2867.0,2878.0,2864.0,2871.0,76297,1008527
2024-09-06 10:00:00,2877.0,2892.0,2869.0,2883.0,91662,999886
2024-09-06 11:15:00,2883.0,2890.0,2875.0,2878.0,54478,999920
2024-09-06 14:15:00,2878.0,2882.0,2865.0,2879.0,47135,995575
2024-09-06 15:00:00,2878.0,2888.0,2873.0,2882.0,23095,994853
2024-09-06 22:00:00,2891.0,2899.0,2880.0,2891.0,579250,992270
2024-09-06 23:00:00,2891.0,2893.0,2877.0,2885.0,253765,987804
2024-09-09 10:00:00,2875.0,2878.0,2842.0,2856.0,513017,993540
2024-09-09 11:15:00,2857.0,2865.0,2852.0,2856.0,110670,992134
2024-09-09 14:15:00,2856.0,2875.0,2849.0,2872.0,240654,998090
2024-09-09 15:00:00,2871.0,2881.0,2866.0,2876.0,537728,993417
2024-09-09 22:00:00,2890.0,2891.0,2875.0,2886.0,424680,1000559
2024-09-09 23:00:00,2886.0,2893.0,2883.0,2888.0,169988,1002181
2024-09-10 10:00:00,2882.0,2892.0,2881.0,2881.0,66188,1005718
2024-09-10 11:15:00,2881.0,2885.0,2875.0,2876.0,274275,1010966
2024-09-10 14:15:00,2876.0,2882.0,2867.0,2872.0,119410,1013756
2024-09-10 15:00:00,2872.0,2874.0,2852.0,2856.0,95484,1012096
2024-09-10 22:00:00,2851.0,2861.0,2834.0,2837.0,2030338,1015062
2024-09-10 23:00:00,2836.0,2851.0,2833.0,2845.0,837640,1018583
2024-09-11 10:00:00,2848.0,2854.0,2840.0,2852.0,1180511,1017339
2024-09-11 11:15:00,2852.0,2854.0,2843.0,2853.0,244245,1020723
2024-09-11 14:15:00,2853.0,2862.0,2853.0,2860.0,251275,1021900
2024-09-11 15:00:00,2861.0,2873.0,2860.0,2872.0,65755,1023744
2024-09-11 22:00:00,2869.0,2874.0,2851.0,2853.0,2084942,1034684
2024-09-11 23:00:00,2852.0,2858.0,2847.0,2858.0,969999,1039783
2024-09-12 10:00:00,2858.0,2866.0,2855.0,2859.0,786198,1044940
2024-09-12 11:15:00,2859.0,2860.0,2846.0,2860.0,517944,1050140
2024-09-12 14:15:00,2860.0,2873.0,2858.0,2863.0,309481,1051980
2024-09-12 15:00:00,2863.0,2867.0,2860.0,2862.0,293888,1047846
2024-09-12 22:00:00,2867.0,2867.0,2850.0,2853.0,2445574,1046785
2024-09-12 23:00:00,2853.0,2870.0,2852.0,2870.0,688776,1048573
2024-09-13 10:00:00,2870.0,2892.0,2869.0,2886.0,618999,1048672
2024-09-13 11:15:00,2886.0,2887.0,2869.0,2869.0,431148,1049590
2024-09-13 14:15:00,2870.0,2874.0,2864.0,2873.0,304001,1049151
2024-09-13 15:00:00,2873.0,2887.0,2873.0,2887.0,44573,1043383
2024-09-18 10:00:00,2891.0,2912.0,2881.0,2908.0,134923,1036838
2024-09-18 11:15:00,2908.0,2921.0,2904.0,2913.0,67137,1036455
2024-09-18 14:15:00,2912.0,2921.0,2908.0,2919.0,30363,1032854
2024-09-18 15:00:00,2919.0,2922.0,2915.0,2920.0,13916,1031708
2024-09-18 22:00:00,2916.0,2919.0,2903.0,2905.0,154509,1035101
2024-09-18 23:00:00,2906.0,2919.0,2900.0,2902.0,90171,1036348
2024-09-19 10:00:00,2903.0,2905.0,2881.0,2890.0,155946,1048465
2024-09-19 11:15:00,2891.0,2894.0,2885.0,2889.0,43594,1053319
2024-09-19 14:15:00,2889.0,2892.0,2884.0,2886.0,19407,1055014
2024-09-19 15:00:00,2886.0,2887.0,2881.0,2883.0,6461,1059455
2024-09-19 22:00:00,2889.0,2889.0,2865.0,2875.0,3420498,1069345
2024-09-19 23:00:00,2876.0,2879.0,2860.0,2861.0,1771563,1069887
2024-09-20 10:00:00,2867.0,2873.0,2864.0,2870.0,1474788,1063482
2024-09-20 11:15:00,2870.0,2880.0,2868.0,2878.0,350540,1063089
2024-09-20 14:15:00,2878.0,2889.0,2868.0,2881.0,128983,1060827
2024-09-20 15:00:00,2881.0,2884.0,2874.0,2875.0,68376,1056398
2024-09-20 22:00:00,2861.0,2862.0,2841.0,2845.0,624690,1064655
2024-09-20 23:00:00,2845.0,2848.0,2826.0,2827.0,1743790,1065789
2024-09-23 10:00:00,2851.0,2855.0,2841.0,2844.0,1696597,1067213
2024-09-23 11:15:00,2844.0,2851.0,2841.0,2849.0,290220,1067339
2024-09-23 14:15:00,2849.0,2865.0,2848.0,2855.0,471138,1063831
2024-09-23 15:00:00,2855.0,2859.0,2851.0,2851.0,82073,1065569
2024-09-23 22:00:00,2865.0,2878.0,2857.0,2876.0,2377260,1064834
2024-09-23 23:00:00,2876.0,2884.0,2871.0,2882.0,1090506,1059374
2024-09-24 10:00:00,2882.0,2889.0,2877.0,2883.0,894198,1058178
2024-09-24 11:15:00,2883.0,2884.0,2875.0,2880.0,410225,1061717
2024-09-24 14:15:00,2880.0,2894.0,2879.0,2885.0,515396,1064662
2024-09-24 15:00:00,2886.0,2895.0,2885.0,2894.0,108536,1059756
2024-09-24 22:00:00,2914.0,2914.0,2898.0,2907.0,3611333,1057678
2024-09-24 23:00:00,2907.0,2909.0,2896.0,2897.0,1130120,1059007
2024-09-25 10:00:00,2886.0,2901.0,2878.0,2885.0,2487169,1075955
2024-09-25 11:15:00,2885.0,2888.0,2880.0,2882.0,323190,1080428
2024-09-25 14:15:00,2882.0,2884.0,2866.0,2870.0,279172,1084570
2024-09-25 15:00:00,2870.0,2873.0,2864.0,2865.0,40618,1086097
2024-09-25 22:00:00,2862.0,2880.0,2856.0,2879.0,2322901,1084214
2024-09-25 23:00:00,2880.0,2890.0,2877.0,2887.0,872767,1080693
2024-09-26 10:00:00,2893.0,2915.0,2890.0,2910.0,1985886,1064643
2024-09-26 11:15:00,2910.0,2912.0,2903.0,2908.0,381393,1063612
2024-09-26 14:15:00,2908.0,2921.0,2906.0,2910.0,232485,1057514
2024-09-26 15:00:00,2910.0,2912.0,2900.0,2906.0,47239,1059695
2024-09-26 22:00:00,2916.0,2916.0,2898.0,2903.0,2988663,1058521
2024-09-26 23:00:00,2903.0,2911.0,2902.0,2910.0,693361,1057706
2024-09-27 10:00:00,2884.0,2884.0,2867.0,2874.0,3004355,1075419
2024-09-27 11:15:00,2874.0,2890.0,2871.0,2887.0,315837,1071740
2024-09-27 14:15:00,2887.0,2891.0,2881.0,2890.0,303626,1074349
2024-09-27 15:00:00,2890.0,2892.0,2879.0,2885.0,61210,1077120
2024-09-27 22:00:00,2885.0,2891.0,2879.0,2886.0,44285,1082714
2024-09-27 23:00:00,2886.0,2907.0,2886.0,2904.0,42211,1077567
2024-09-30 10:00:00,2934.0,2939.0,2900.0,2909.0,107482,1111852
2024-09-30 11:15:00,2909.0,2916.0,2905.0,2912.0,38807,1117941
2024-09-30 14:15:00,2912.0,2945.0,2908.0,2942.0,55950,1117676
2024-09-30 15:00:00,2943.0,2945.0,2921.0,2940.0,55340,1121373
2024-10-08 10:00:00,2915.0,2915.0,2861.0,2866.0,7346485,1155121
2024-10-08 11:15:00,2864.0,2870.0,2841.0,2853.0,1728352,1173309
2024-10-08 14:15:00,2853.0,2854.0,2821.0,2842.0,649291,1184945
2024-10-08 15:00:00,2842.0,2846.0,2833.0,2837.0,144603,1185239
2024-10-08 22:00:00,2833.0,2853.0,2830.0,2845.0,2906017,1198132
2024-10-08 23:00:00,2846.0,2847.0,2838.0,2844.0,833814,1201284
2024-10-09 10:00:00,2850.0,2853.0,2842.0,2844.0,1670517,1210759
2024-10-09 11:15:00,2844.0,2862.0,2841.0,2856.0,1468767,1217705
2024-10-09 14:15:00,2856.0,2860.0,2843.0,2848.0,445237,1227727
2024-10-09 15:00:00,2848.0,2850.0,2826.0,2829.0,131522,1236300
2024-10-09 22:00:00,2829.0,2837.0,2826.0,2829.0,2318109,1243497
2024-10-09 23:00:00,2829.0,2831.0,2803.0,2830.0,1639760,1242137
2024-10-10 10:00:00,2838.0,2844.0,2833.0,2839.0,911015,1237919
2024-10-10 11:15:00,2839.0,2840.0,2829.0,2839.0,373702,1248606
2024-10-10 14:15:00,2839.0,2841.0,2829.0,2838.0,136082,1250387
2024-10-10 15:00:00,2838.0,2839.0,2826.0,2831.0,42548,1252484
2024-10-10 22:00:00,2824.0,2831.0,2814.0,2816.0,3558074,1263779
2024-10-10 23:00:00,2816.0,2823.0,2813.0,2814.0,2228814,1278965
2024-10-11 10:00:00,2823.0,2833.0,2817.0,2819.0,2537816,1297648
2024-10-11 11:15:00,2819.0,2829.0,2804.0,2819.0,1207463,1299734
2024-10-11 14:15:00,2819.0,2826.0,2807.0,2807.0,308225,1303538
2024-10-11 15:00:00,2808.0,2811.0,2783.0,2785.0,246208,1291152
2024-10-11 22:00:00,2794.0,2800.0,2788.0,2795.0,4357413,1278276
2024-10-11 23:00:00,2796.0,2804.0,2793.0,2803.0,3060161,1262453
2024-10-14 10:00:00,2782.0,2783.0,2764.0,2773.0,3341464,1280770
2024-10-14 11:15:00,2773.0,2789.0,2763.0,2788.0,1158924,1285831
2024-10-14 14:15:00,2788.0,2796.0,2780.0,2793.0,461678,1283906
2024-10-14 15:00:00,2793.0,2796.0,2786.0,2794.0,95818,1282548
2024-10-14 22:00:00,2787.0,2810.0,2784.0,2807.0,2347213,1283483
2024-10-14 23:00:00,2807.0,2812.0,2800.0,2809.0,1104614,1281148
2024-10-15 10:00:00,2793.0,2798.0,2786.0,2797.0,1518871,1288897
2024-10-15 11:15:00,2797.0,2801.0,2790.0,2791.0,445560,1293268
2024-10-15 14:15:00,2791.0,2793.0,2782.0,2788.0,313078,1296968
2024-10-15 15:00:00,2788.0,2801.0,2786.0,2791.0,84362,1295880
2024-10-15 22:00:00,2789.0,2797.0,2779.0,2783.0,2277200,1309835
2024-10-15 23:00:00,2783.0,2786.0,2773.0,2778.0,1456731,1319054
2024-10-16 10:00:00,2797.0,2807.0,2793.0,2801.0,2749314,1324191
2024-10-16 11:15:00,2802.0,2803.0,2795.0,2799.0,508710,1320099
2024-10-16 14:15:00,2800.0,2800.0,2792.0,2793.0,393780,1320617
2024-10-16 15:00:00,2793.0,2803.0,2793.0,2796.0,88256,1323743
2024-10-16 22:00:00,2799.0,2807.0,2794.0,2805.0,4323478,1302486
2024-10-16 23:00:00,2805.0,2813.0,2791.0,2794.0,1819081,1299335
2024-10-17 10:00:00,2791.0,2794.0,2786.0,2790.0,1566677,1309394
2024-10-17 11:15:00,2790.0,2790.0,2766.0,2768.0,1054352,1326536
2024-10-17 14:15:00,2769.0,2773.0,2760.0,2761.0,343862,1332169
2024-10-17 15:00:00,2761.0,2777.0,2757.0,2765.0,180444,1320018
2024-10-17 22:00:00,2764.0,2764.0,2745.0,2748.0,105733,1342258
2024-10-17 23:00:00,2748.0,2754.0,2742.0,2748.0,55632,1343863
2024-10-18 10:00:00,2782.0,2787.0,2773.0,2776.0,101183,1329258
2024-10-18 11:15:00,2777.0,2789.0,2773.0,2782.0,75985,1334280
2024-10-18 14:15:00,2783.0,2795.0,2777.0,2791.0,55640,1331682
2024-10-18 15:00:00,2791.0,2801.0,2791.0,2793.0,34815,1328097
2024-10-18 22:00:00,2797.0,2817.0,2796.0,2803.0,4968542,1327486
2024-10-18 23:00:00,2803.0,2806.0,2786.0,2796.0,3236948,1335933
2024-10-21 10:00:00,2784.0,2791.0,2759.0,2768.0,4226443,1338895
2024-10-21 11:15:00,2769.0,2787.0,2768.0,2782.0,893929,1335900
2024-10-21 14:15:00,2782.0,2785.0,2777.0,2783.0,293528,1338788
2024-10-21 15:00:00,2782.0,2791.0,2780.0,2788.0,73126,1335673
2024-10-21 22:00:00,2784.0,2798.0,2778.0,2796.0,3835719,1348306
2024-10-21 23:00:00,2797.0,2801.0,2783.0,2789.0,1329265,1350040
2024-10-22 10:00:00,2789.0,2790.0,2783.0,2785.0,1166746,1353284
2024-10-22 11:15:00,2785.0,2790.0,2778.0,2786.0,600707,1357649
2024-10-22 14:15:00,2786.0,2794.0,2784.0,2791.0,518266,1355996
2024-10-22 15:00:00,2791.0,2796.0,2788.0,2791.0,101726,1353940
2024-10-22 22:00:00,2794.0,2806.0,2793.0,2801.0,5201993,1379837
2024-10-22 23:00:00,2801.0,2822.0,2800.0,2822.0,3956410,1368070
2024-10-23 10:00:00,2830.0,2837.0,2824.0,2834.0,2944410,1358848
2024-10-23 11:15:00,2834.0,2843.0,2826.0,2829.0,879778,1367133
2024-10-23 14:15:00,2829.0,2835.0,2826.0,2832.0,479412,1355909
2024-10-23 15:00:00,2832.0,2834.0,2825.0,2829.0,148387,1354762
2024-10-23 22:00:00,2822.0,2847.0,2822.0,2841.0,3592896,1364152
2024-10-23 23:00:00,2842.0,2846.0,2817.0,2825.0,2896051,1375237
2024-10-24 10:00:00,2841.0,2842.0,2827.0,2833.0,1623497,1378788
2024-10-24 11:15:00,2832.0,2840.0,2829.0,2838.0,651300,1381392
2024-10-24 14:15:00,2838.0,2840.0,2828.0,2832.0,486565,1389092
2024-10-24 15:00:00,2832.0,2840.0,2832.0,2834.0,69553,1389197
2024-10-24 22:00:00,2851.0,2868.0,2845.0,2851.0,6366454,1384635
2024-10-24 23:00:00,2851.0,2853.0,2831.0,2831.0,2024912,1390305
2024-10-25 10:00:00,2824.0,2841.0,2821.0,2834.0,2425183,1404918
2024-10-25 11:15:00,2834.0,2841.0,2831.0,2836.0,891502,1409565
2024-10-25 14:15:00,2836.0,2837.0,2827.0,2828.0,255307,1415345
2024-10-25 15:00:00,2827.0,2830.0,2811.0,2816.0,130424,1420657
2024-10-25 22:00:00,2820.0,2823.0,2808.0,2817.0,78908,1434309
2024-10-25 23:00:00,2818.0,2820.0,2805.0,2815.0,58235,1440285
2024-10-28 10:00:00,2800.0,2820.0,2796.0,2815.0,113444,1437021
2024-10-28 11:15:00,2815.0,2831.0,2810.0,2826.0,93820,1439687
2024-10-28 14:15:00,2826.0,2838.0,2826.0,2836.0,92679,1446467
2024-10-28 15:00:00,2836.0,2837.0,2831.0,2835.0,51932,1453373
2024-10-28 22:00:00,2827.0,2831.0,2822.0,2828.0,93958,1459740
2024-10-28 23:00:00,2828.0,2830.0,2822.0,2825.0,256949,1461372
2024-10-29 10:00:00,2826.0,2829.0,2817.0,2827.0,62620,1460237
2024-10-29 11:15:00,2827.0,2832.0,2816.0,2819.0,67464,1461473
2024-10-29 14:15:00,2819.0,2838.0,2816.0,2835.0,111678,1457142
2024-10-29 15:00:00,2835.0,2842.0,2832.0,2837.0,96542,1459835
2024-10-29 22:00:00,2838.0,2849.0,2823.0,2825.0,172692,1478737
2024-10-29 23:00:00,2825.0,2833.0,2822.0,2826.0,56774,1473895
2024-10-30 10:00:00,2820.0,2824.0,2812.0,2818.0,119535,1480981
2024-10-30 11:15:00,2818.0,2822.0,2814.0,2821.0,443532,1487151
2024-10-30 14:15:00,2820.0,2834.0,2815.0,2828.0,127295,1484974
2024-10-30 15:00:00,2828.0,2839.0,2828.0,2836.0,68250,1475193
2024-10-30 22:00:00,2837.0,2843.0,2829.0,2843.0,86047,1479411
2024-10-30 23:00:00,2842.0,2844.0,2835.0,2836.0,54294,1486694
2024-10-31 10:00:00,2837.0,2838.0,2826.0,2830.0,62476,1489323
2024-10-31 11:15:00,2830.0,2837.0,2827.0,2831.0,57168,1493884
2024-10-31 14:15:00,2830.0,2834.0,2825.0,2829.0,81204,1499548
2024-10-31 15:00:00,2829.0,2830.0,2824.0,2829.0,30087,1501905
2024-10-31 22:00:00,2837.0,2839.0,2825.0,2826.0,91680,1504786
2024-10-31 23:00:00,2826.0,2826.0,2819.0,2821.0,79686,1518797
2024-11-01 10:00:00,2825.0,2837.0,2825.0,2830.0,117770,1521807
2024-11-01 11:15:00,2830.0,2835.0,2823.0,2829.0,72624,1521879
2024-11-01 14:15:00,2829.0,2830.0,2820.0,2824.0,71875,1531584
2024-11-01 15:00:00,2824.0,2827.0,2816.0,2821.0,62350,1545404
2024-11-01 22:00:00,2823.0,2824.0,2813.0,2814.0,112364,1567175
2024-11-01 23:00:00,2815.0,2816.0,2805.0,2805.0,88708,1575890
2024-11-04 10:00:00,2802.0,2823.0,2801.0,2821.0,102885,1583461
2024-11-04 11:15:00,2822.0,2827.0,2820.0,2825.0,56209,1570676
2024-11-04 14:15:00,2824.0,2825.0,2815.0,2818.0,52134,1578277
2024-11-04 15:00:00,2818.0,2820.0,2816.0,2817.0,15314,1580278
2024-11-04 22:00:00,2823.0,2826.0,2806.0,2810.0,184921,1612321
2024-11-04 23:00:00,2810.0,2815.0,2806.0,2810.0,58524,1623842
2024-11-05 10:00:00,2805.0,2812.0,2802.0,2809.0,158581,1639367
2024-11-05 11:15:00,2809.0,2812.0,2805.0,2807.0,35758,1650296
2024-11-05 14:15:00,2807.0,2811.0,2798.0,2801.0,81673,1663342
2024-11-05 15:00:00,2801.0,2802.0,2784.0,2789.0,106018,1666610
2024-11-05 22:00:00,2790.0,2796.0,2785.0,2789.0,131527,1703547
2024-11-05 23:00:00,2789.0,2798.0,2787.0,2791.0,61445,1706608
2024-11-06 10:00:00,2799.0,2818.0,2793.0,2810.0,187865,1702490
2024-11-06 11:15:00,2811.0,2811.0,2800.0,2804.0,59185,1705543
2024-11-06 14:15:00,2803.0,2818.0,2797.0,2816.0,112897,1730229
2024-11-06 15:00:00,2811.0,2821.0,2807.0,2816.0,64522,1731994
2024-11-06 22:00:00,2814.0,2841.0,2808.0,2837.0,365167,1723564
2024-11-06 23:00:00,2837.0,2855.0,2836.0,2848.0,160109,1718932
2024-11-07 10:00:00,2855.0,2876.0,2852.0,2875.0,164508,1725879
2024-11-07 11:15:00,2876.0,2891.0,2870.0,2881.0,122688,1730263
2024-11-07 14:15:00,2880.0,2882.0,2871.0,2877.0,83754,1734426
2024-11-07 15:00:00,2877.0,2884.0,2875.0,2882.0,29279,1743579
2024-11-07 22:00:00,2894.0,2912.0,2885.0,2891.0,6695006,1735344
2024-11-07 23:00:00,2891.0,2892.0,2864.0,2872.0,2934698,1729709
2024-11-08 10:00:00,2901.0,2901.0,2884.0,2889.0,2440840,1721826
2024-11-08 11:15:00,2890.0,2896.0,2877.0,2889.0,1088286,1719373
2024-11-08 14:15:00,2889.0,2889.0,2840.0,2844.0,1112485,1717132
2024-11-08 15:00:00,2852.0,2858.0,2844.0,2850.0,230571,1717991
2024-11-08 22:00:00,2854.0,2885.0,2846.0,2880.0,7440607,1709170
2024-11-08 23:00:00,2880.0,2882.0,2861.0,2866.0,2425218,1704579
2024-11-11 10:00:00,2883.0,2920.0,2881.0,2910.0,6883616,1702422
2024-11-11 11:15:00,2910.0,2925.0,2902.0,2920.0,1544009,1703453
2024-11-11 14:15:00,2921.0,2923.0,2908.0,2914.0,665211,1701653
2024-11-11 15:00:00,2914.0,2921.0,2911.0,2920.0,191911,1696738
2024-11-11 22:00:00,2915.0,2952.0,2915.0,2943.0,7556800,1711167
2024-11-11 23:00:00,2942.0,2951.0,2931.0,2937.0,2246991,1716222
2024-11-12 10:00:00,2922.0,2928.0,2912.0,2917.0,1916038,1718635
2024-11-12 11:15:00,2917.0,2926.0,2901.0,2926.0,823643,1716689
2024-11-12 14:15:00,2926.0,2926.0,2912.0,2922.0,169278,1715527
2024-11-12 15:00:00,2920.0,2932.0,2919.0,2924.0,13432,1718296
2024-11-12 22:00:00,2920.0,2935.0,2915.0,2923.0,4442712,1735373
2024-11-12 23:00:00,2923.0,2928.0,2918.0,2922.0,1423346,1730751
2024-11-13 10:00:00,2918.0,2932.0,2917.0,2927.0,1979330,1727937
2024-11-13 11:15:00,2926.0,2939.0,2926.0,2938.0,941452,1711899
2024-11-13 14:15:00,2937.0,2939.0,2927.0,2927.0,320470,1708673
2024-11-13 15:00:00,2927.0,2931.0,2922.0,2927.0,145716,1714481
2024-11-13 22:00:00,2925.0,2925.0,2912.0,2921.0,2427360,1725943
2024-11-13 23:00:00,2921.0,2924.0,2910.0,2917.0,1394702,1728166
2024-11-14 10:00:00,2915.0,2917.0,2889.0,2914.0,2085198,1722445
2024-11-14 11:15:00,2914.0,2918.0,2906.0,2913.0,411875,1721674
2024-11-14 14:15:00,2912.0,2917.0,2906.0,2910.0,216715,1721092
2024-11-14 15:00:00,2911.0,2915.0,2901.0,2903.0,92321,1724190
2024-11-14 22:00:00,2903.0,2908.0,2891.0,2900.0,5326341,1746298
2024-11-14 23:00:00,2901.0,2904.0,2894.0,2895.0,1762227,1744330
2024-11-15 10:00:00,2880.0,2880.0,2823.0,2836.0,9611989,1805035
2024-11-15 11:15:00,2835.0,2852.0,2835.0,2839.0,1585464,1816680
2024-11-15 14:15:00,2839.0,2841.0,2818.0,2820.0,724376,1842127
2024-11-15 15:00:00,2820.0,2826.0,2809.0,2814.0,190463,1850270
2024-11-15 22:00:00,2825.0,2827.0,2811.0,2819.0,226170,1869617
2024-11-15 23:00:00,2818.0,2827.0,2816.0,2818.0,107772,1857517
2024-11-18 10:00:00,2823.0,2828.0,2815.0,2822.0,204503,1874857
2024-11-18 11:15:00,2823.0,2829.0,2819.0,2826.0,104884,1877610
2024-11-18 14:15:00,2825.0,2834.0,2820.0,2821.0,124151,1880710
2024-11-18 15:00:00,2821.0,2827.0,2818.0,2821.0,95021,1880477
2024-11-18 22:00:00,2821.0,2829.0,2815.0,2819.0,354410,1888894
2024-11-18 23:00:00,2819.0,2828.0,2817.0,2827.0,197728,1885337
2024-11-19 10:00:00,2842.0,2843.0,2827.0,2836.0,338564,1880642
2024-11-19 11:15:00,2836.0,2840.0,2828.0,2830.0,142324,1884059
2024-11-19 14:15:00,2829.0,2835.0,2824.0,2834.0,107526,1885398
2024-11-19 15:00:00,2834.0,2838.0,2831.0,2836.0,95370,1888405
2024-11-19 22:00:00,2837.0,2839.0,2820.0,2827.0,5290080,1907289
2024-11-19 23:00:00,2827.0,2831.0,2823.0,2828.0,2245776,1908214
2024-11-20 10:00:00,2821.0,2824.0,2813.0,2816.0,3744180,1926192
2024-11-20 11:15:00,2816.0,2825.0,2815.0,2824.0,1279278,1925878
2024-11-20 14:15:00,2823.0,2829.0,2820.0,2821.0,1028897,1922969
2024-11-20 15:00:00,2821.0,2829.0,2821.0,2827.0,275065,1915684
2024-11-20 22:00:00,2823.0,2830.0,2816.0,2818.0,5449275,1953393
2024-11-20 23:00:00,2818.0,2821.0,2808.0,2821.0,4168734,1959774
2024-11-21 10:00:00,2821.0,2826.0,2815.0,2821.0,3083371,1966500
2024-11-21 11:15:00,2820.0,2827.0,2817.0,2819.0,466906,1966356
2024-11-21 14:15:00,2819.0,2827.0,2819.0,2824.0,555482,1964672
2024-11-21 15:00:00,2824.0,2826.0,2820.0,2822.0,75273,1968363
2024-11-21 22:00:00,2818.0,2819.0,2803.0,2803.0,6954612,2016317
2024-11-21 23:00:00,2804.0,2805.0,2786.0,2802.0,9116833,2010322
2024-11-22 10:00:00,2795.0,2801.0,2789.0,2794.0,3650290,2017626
2024-11-22 11:15:00,2793.0,2797.0,2788.0,2791.0,1275042,2036368
2024-11-22 14:15:00,2790.0,2792.0,2770.0,2774.0,1675426,2080952
2024-11-22 15:00:00,2774.0,2776.0,2766.0,2767.0,195084,2091800
2024-11-22 22:00:00,2769.0,2792.0,2767.0,2786.0,7045246,2084806
2024-11-22 23:00:00,2786.0,2793.0,2783.0,2786.0,3794598,2071260
2024-11-25 10:00:00,2795.0,2798.0,2786.0,2790.0,4158398,2075831
2024-11-25 11:15:00,2790.0,2795.0,2783.0,2784.0,1430000,2097072
2024-11-25 14:15:00,2785.0,2793.0,2781.0,2789.0,593270,2104301
2024-11-25 15:00:00,2789.0,2793.0,2783.0,2792.0,275850,2104210
2024-11-25 22:00:00,2789.0,2792.0,2779.0,2787.0,3890034,2129391
2024-11-25 23:00:00,2787.0,2793.0,2785.0,2788.0,2245248,2123620
2024-11-26 10:00:00,2800.0,2814.0,2797.0,2803.0,7213687,2108946
2024-11-26 11:15:00,2802.0,2813.0,2800.0,2813.0,1734367,2097793
2024-11-26 14:15:00,2812.0,2818.0,2805.0,2809.0,839543,2078853
2024-11-26 15:00:00,2809.0,2810.0,2802.0,2806.0,1296585,2077031
2024-11-26 22:00:00,2813.0,2823.0,2810.0,2815.0,7252062,2083050
2024-11-26 23:00:00,2816.0,2817.0,2802.0,2804.0,3335157,2086226
2024-11-27 10:00:00,2802.0,2808.0,2795.0,2796.0,3140377,2100847
2024-11-27 11:15:00,2796.0,2804.0,2793.0,2796.0,1948354,2107547
2024-11-27 14:15:00,2797.0,2806.0,2794.0,2805.0,655795,2115400
2024-11-27 15:00:00,2805.0,2807.0,2801.0,2804.0,132383,2114896
2024-11-27 22:00:00,2802.0,2807.0,2796.0,2797.0,163473,2130675
2024-11-27 23:00:00,2798.0,2802.0,2791.0,2797.0,144253,2130696
2024-11-28 10:00:00,2800.0,2804.0,2794.0,2799.0,123489,2130647
2024-11-28 11:15:00,2800.0,2802.0,2794.0,2795.0,65986,2137500
2024-11-28 14:15:00,2795.0,2800.0,2792.0,2795.0,86803,2148779
2024-11-28 15:00:00,2796.0,2800.0,2795.0,2800.0,52914,2143775
2024-11-28 22:00:00,2800.0,2810.0,2797.0,2803.0,152908,2138446
2024-11-28 23:00:00,2804.0,2804.0,2788.0,2792.0,137209,2145754
2024-11-29 10:00:00,2794.0,2807.0,2794.0,2805.0,137033,2138748
2024-11-29 11:15:00,2804.0,2812.0,2801.0,2808.0,85796,2119688
2024-11-29 14:15:00,2808.0,2812.0,2801.0,2804.0,87650,2118386
2024-11-29 15:00:00,2805.0,2807.0,2800.0,2801.0,84177,2114729
2024-11-29 22:00:00,2806.0,2809.0,2798.0,2803.0,3660428,2126769
2024-11-29 23:00:00,2804.0,2805.0,2776.0,2787.0,5896467,2176989
2024-12-02 10:00:00,2790.0,2792.0,2774.0,2777.0,3956264,2225319
2024-12-02 11:15:00,2777.0,2783.0,2773.0,2777.0,1482993,2252667
2024-12-02 14:15:00,2776.0,2788.0,2775.0,2786.0,1597907,2246615
2024-12-02 15:00:00,2786.0,2790.0,2782.0,2783.0,297466,2241379
2024-12-02 22:00:00,2781.0,2788.0,2775.0,2777.0,3819931,2271494
2024-12-02 23:00:00,2778.0,2781.0,2773.0,2777.0,2328030,2289510
2024-12-03 10:00:00,2775.0,2777.0,2741.0,2742.0,4230056,2374740
2024-12-03 11:15:00,2742.0,2754.0,2737.0,2749.0,2500335,2390148
2024-12-03 14:15:00,2750.0,2756.0,2746.0,2752.0,640476,2394994
2024-12-03 15:00:00,2752.0,2760.0,2751.0,2757.0,313525,2378939
2024-12-03 22:00:00,2762.0,2766.0,2749.0,2763.0,5515339,2386209
2024-12-03 23:00:00,2763.0,2765.0,2750.0,2753.0,2568740,2393124
2024-12-04 10:00:00,2752.0,2752.0,2727.0,2732.0,5326125,2432709
2024-12-04 11:15:00,2731.0,2734.0,2708.0,2714.0,2790486,2464517
2024-12-04 14:15:00,2714.0,2715.0,2694.0,2695.0,1466992,2510109
2024-12-04 15:00:00,2696.0,2709.0,2694.0,2706.0,406714,2494350
2024-12-04 22:00:00,2704.0,2707.0,2676.0,2678.0,7860744,2522027
2024-12-04 23:00:00,2678.0,2680.0,2664.0,2666.0,4961853,2513434
2024-12-05 10:00:00,2664.0,2673.0,2645.0,2670.0,4723395,2481356
2024-12-05 11:15:00,2670.0,2680.0,2667.0,2672.0,2380858,2477618
2024-12-05 14:15:00,2672.0,2682.0,2666.0,2671.0,886736,2477391
2024-12-05 15:00:00,2671.0,2672.0,2660.0,2660.0,314961,2462115
2024-12-05 22:00:00,2656.0,2671.0,2654.0,2668.0,5715106,2460633
2024-12-05 23:00:00,2668.0,2668.0,2659.0,2663.0,1799742,2463378
2024-12-06 10:00:00,2670.0,2671.0,2660.0,2664.0,2855121,2465792
2024-12-06 11:15:00,2664.0,2665.0,2648.0,2657.0,1400670,2478797
2024-12-06 14:15:00,2656.0,2660.0,2649.0,2657.0,688375,2473779
2024-12-06 15:00:00,2657.0,2663.0,2652.0,2656.0,178638,2463297
2024-12-06 22:00:00,2662.0,2668.0,2659.0,2662.0,190347,2469891
2024-12-06 23:00:00,2663.0,2663.0,2651.0,2653.0,122713,2470329
2024-12-09 10:00:00,2659.0,2675.0,2652.0,2673.0,185208,2442627
2024-12-09 11:15:00,2672.0,2673.0,2660.0,2665.0,75463,2449948
2024-12-09 14:15:00,2666.0,2671.0,2663.0,2670.0,112598,2449999
2024-12-09 15:00:00,2670.0,2685.0,2668.0,2681.0,176790,2423369
2024-12-09 22:00:00,2685.0,2698.0,2682.0,2690.0,920949,2423442
2024-12-09 23:00:00,2691.0,2699.0,2688.0,2696.0,531132,2410052
2024-12-10 10:00:00,2696.0,2696.0,2669.0,2672.0,799530,2440217
2024-12-10 11:15:00,2674.0,2679.0,2669.0,2675.0,311195,2437058
2024-12-10 14:15:00,2675.0,2677.0,2663.0,2671.0,133326,2446966
2024-12-10 15:00:00,2672.0,2683.0,2669.0,2673.0,126137,2440383
2024-12-10 22:00:00,2676.0,2683.0,2674.0,2675.0,172456,2444019
2024-12-10 23:00:00,2676.0,2678.0,2664.0,2674.0,164921,2449051
2024-12-11 10:00:00,2672.0,2677.0,2655.0,2663.0,302067,2508872
2024-12-11 11:15:00,2662.0,2667.0,2658.0,2661.0,107752,2519708
2024-12-11 14:15:00,2662.0,2664.0,2656.0,2658.0,109411,2548421
2024-12-11 15:00:00,2658.0,2658.0,2642.0,2650.0,301111,2581559
2024-12-11 22:00:00,2645.0,2651.0,2637.0,2648.0,997245,2599666
2024-12-11 23:00:00,2648.0,2653.0,2643.0,2646.0,427515,2593433
2024-12-12 10:00:00,2646.0,2660.0,2644.0,2651.0,544594,2583503
2024-12-12 11:15:00,2650.0,2656.0,2642.0,2648.0,179800,2609780
2024-12-12 14:15:00,2648.0,2655.0,2647.0,2654.0,108103,2608027
2024-12-12 15:00:00,2653.0,2655.0,2645.0,2646.0,105299,2611291
2024-12-12 22:00:00,2646.0,2650.0,2626.0,2627.0,677352,2650814
2024-12-12 23:00:00,2627.0,2633.0,2622.0,2625.0,335728,2656783
2024-12-13 10:00:00,2626.0,2643.0,2616.0,2636.0,424018,2633676
2024-12-13 11:15:00,2641.0,2649.0,2635.0,2640.0,182778,2606744
2024-12-13 14:15:00,2641.0,2650.0,2640.0,2649.0,142199,2597636
2024-12-13 15:00:00,2648.0,2649.0,2640.0,2642.0,117794,2587746
2024-12-13 22:00:00,2644.0,2647.0,2628.0,2628.0,724805,2602786
2024-12-13 23:00:00,2629.0,2635.0,2624.0,2626.0,526548,2606080
2024-12-16 10:00:00,2625.0,2640.0,2620.0,2633.0,635164,2608348
2024-12-16 11:15:00,2635.0,2655.0,2631.0,2642.0,609098,2591863
2024-12-16 14:15:00,2642.0,2648.0,2637.0,2647.0,308725,2593215
2024-12-16 15:00:00,2646.0,2653.0,2643.0,2651.0,286335,2587847
2024-12-16 22:00:00,2652.0,2654.0,2645.0,2649.0,417121,2602705
2024-12-16 23:00:00,2648.0,2651.0,2642.0,2643.0,251648,2605425
2024-12-17 10:00:00,2632.0,2632.0,2609.0,2617.0,800387,2714783
2024-12-17 11:15:00,2617.0,2620.0,2613.0,2614.0,130993,2711593
2024-12-17 14:15:00,2614.0,2617.0,2609.0,2613.0,175418,2722518
2024-12-17 15:00:00,2614.0,2620.0,2612.0,2614.0,137364,2713657
2024-12-17 22:00:00,2603.0,2609.0,2590.0,2593.0,11940121,2755763
2024-12-17 23:00:00,2594.0,2599.0,2586.0,2592.0,6000152,2759633
2024-12-18 10:00:00,2592.0,2594.0,2576.0,2580.0,5972029,2782637
2024-12-18 11:15:00,2579.0,2584.0,2571.0,2575.0,3959799,2776474
2024-12-18 14:15:00,2576.0,2588.0,2574.0,2576.0,1906629,2765640
2024-12-18 15:00:00,2576.0,2577.0,2562.0,2567.0,877225,2763005
2024-12-18 22:00:00,2561.0,2576.0,2555.0,2570.0,8942568,2776371
2024-12-18 23:00:00,2570.0,2585.0,2567.0,2579.0,5592137,2752960
2024-12-19 10:00:00,2558.0,2575.0,2553.0,2568.0,6188852,2766623
2024-12-19 11:15:00,2568.0,2569.0,2557.0,2558.0,2051414,2767951
2024-12-19 14:15:00,2557.0,2559.0,2549.0,2553.0,1826779,2778427
2024-12-19 15:00:00,2552.0,2576.0,2552.0,2572.0,786181,2752636
2024-12-19 22:00:00,2567.0,2579.0,2561.0,2575.0,645534,2771594
2024-12-19 23:00:00,2576.0,2581.0,2568.0,2569.0,384960,2763874
2024-12-20 10:00:00,2580.0,2604.0,2576.0,2602.0,1687533,2726212
2024-12-20 11:15:00,2602.0,2613.0,2593.0,2611.0,229144,2715785
2024-12-20 14:15:00,2610.0,2629.0,2607.0,2622.0,472668,2699883
2024-12-20 15:00:00,2623.0,2637.0,2619.0,2633.0,311845,2666261
2024-12-20 22:00:00,2638.0,2639.0,2623.0,2626.0,671171,2652004
2024-12-20 23:00:00,2626.0,2645.0,2624.0,2642.0,1198263,2638746
2024-12-23 10:00:00,2655.0,2657.0,2625.0,2630.0,403518,2622976
2024-12-23 11:15:00,2629.0,2633.0,2624.0,2632.0,157283,2615732
2024-12-23 14:15:00,2633.0,2633.0,2608.0,2609.0,336969,2586155
2024-12-23 15:00:00,2609.0,2621.0,2608.0,2616.0,198515,2581872
2024-12-23 22:00:00,2617.0,2622.0,2609.0,2616.0,275627,2591980
2024-12-23 23:00:00,2616.0,2624.0,2612.0,2620.0,132871,2586791
2024-12-24 10:00:00,2616.0,2631.0,2614.0,2626.0,203358,2577383
2024-12-24 11:15:00,2625.0,2632.0,2620.0,2622.0,140404,2576945
2024-12-24 14:15:00,2623.0,2630.0,2619.0,2626.0,146502,2578778
2024-12-24 15:00:00,2627.0,2630.0,2622.0,2628.0,112415,2574207
2024-12-24 22:00:00,2629.0,2633.0,2622.0,2627.0,205431,2592275
2024-12-24 23:00:00,2627.0,2632.0,2624.0,2626.0,122326,2581441
2024-12-25 10:00:00,2627.0,2633.0,2624.0,2628.0,122315,2588185
2024-12-25 11:15:00,2627.0,2628.0,2615.0,2620.0,148240,2585551
2024-12-25 14:15:00,2620.0,2644.0,2619.0,2639.0,290302,2568277
2024-12-25 15:00:00,2639.0,2649.0,2636.0,2645.0,214623,2557223
2024-12-25 22:00:00,2639.0,2643.0,2632.0,2636.0,183726,2575761
2024-12-25 23:00:00,2635.0,2642.0,2633.0,2639.0,87761,2573002
2024-12-26 10:00:00,2635.0,2652.0,2625.0,2647.0,322644,2560538
2024-12-26 11:15:00,2647.0,2655.0,2646.0,2653.0,136241,2556950
2024-12-26 14:15:00,2653.0,2658.0,2646.0,2650.0,193142,2533441
2024-12-26 15:00:00,2651.0,2672.0,2646.0,2668.0,337871,2511564
2024-12-26 22:00:00,2670.0,2678.0,2666.0,2669.0,344818,2522173
2024-12-26 23:00:00,2670.0,2675.0,2665.0,2672.0,172965,2508493
2024-12-27 10:00:00,2689.0,2694.0,2682.0,2689.0,319008,2497844
2024-12-27 11:15:00,2689.0,2698.0,2688.0,2692.0,2020195,2501645
2024-12-27 14:15:00,2692.0,2694.0,2673.0,2675.0,272937,2477874
2024-12-27 15:00:00,2675.0,2680.0,2668.0,2670.0,186499,2467545
2024-12-27 22:00:00,2670.0,2686.0,2665.0,2682.0,261881,2470746
2024-12-27 23:00:00,2682.0,2686.0,2672.0,2675.0,185590,2464575
2024-12-30 10:00:00,2671.0,2678.0,2663.0,2677.0,331011,2454473
2024-12-30 11:15:00,2677.0,2682.0,2670.0,2677.0,932048,2453345
2024-12-30 14:15:00,2677.0,2679.0,2670.0,2671.0,1157481,2455096
2024-12-30 15:00:00,2670.0,2685.0,2668.0,2683.0,1285073,2442770
2024-12-30 22:00:00,2689.0,2707.0,2682.0,2706.0,408422,2459402
2024-12-30 23:00:00,2706.0,2713.0,2701.0,2706.0,317577,2456306
2024-12-31 10:00:00,2692.0,2695.0,2685.0,2687.0,255057,2440961
2024-12-31 11:15:00,2687.0,2700.0,2685.0,2698.0,179367,2408488
2024-12-31 14:15:00,2698.0,2702.0,2690.0,2692.0,153164,2389504
2024-12-31 15:00:00,2692.0,2700.0,2690.0,2696.0,1497008,2366088
2025-01-02 10:00:00,2722.0,2731.0,2717.0,2720.0,461406,2355881
2025-01-02 11:15:00,2720.0,2730.0,2720.0,2723.0,193027,2356395
2025-01-02 14:15:00,2723.0,2725.0,2710.0,2710.0,197008,2340430
2025-01-02 15:00:00,2710.0,2719.0,2705.0,2716.0,121329,2321124
2025-01-02 22:00:00,2718.0,2728.0,2696.0,2700.0,457750,2336564
2025-01-02 23:00:00,2700.0,2715.0,2699.0,2712.0,246214,2329054
2025-01-03 10:00:00,2718.0,2724.0,2710.0,2711.0,238547,2321791
2025-01-03 11:15:00,2710.0,2716.0,2698.0,2706.0,175335,2327334
2025-01-03 14:15:00,2706.0,2710.0,2671.0,2679.0,245164,2303371
2025-01-03 15:00:00,2679.0,2688.0,2676.0,2688.0,44541,2292307
2025-01-03 22:00:00,2678.0,2680.0,2652.0,2669.0,479209,2298289
2025-01-03 23:00:00,2669.0,2682.0,2668.0,2675.0,251687,2285317
2025-01-06 10:00:00,2662.0,2707.0,2662.0,2699.0,481790,2287325
2025-01-06 11:15:00,2700.0,2711.0,2688.0,2689.0,275700,2289013
2025-01-06 14:15:00,2688.0,2694.0,2684.0,2691.0,153654,2280395
2025-01-06 15:00:00,2690.0,2700.0,2684.0,2697.0,176128,2266344
2025-01-06 22:00:00,2710.0,2711.0,2692.0,2702.0,285468,2280035
2025-01-06 23:00:00,2702.0,2707.0,2693.0,2698.0,167725,2270916
2025-01-07 10:00:00,2683.0,2683.0,2654.0,2664.0,500539,2302075
2025-01-07 11:15:00,2663.0,2668.0,2653.0,2657.0,173860,2313420
2025-01-07 14:15:00,2656.0,2658.0,2640.0,2657.0,216232,2305045
2025-01-07 15:00:00,2657.0,2662.0,2645.0,2647.0,159443,2299821
2025-01-07 22:00:00,2647.0,2661.0,2637.0,2655.0,347638,2299060
2025-01-07 23:00:00,2655.0,2664.0,2653.0,2662.0,174806,2293057
2025-01-08 10:00:00,2670.0,2671.0,2654.0,2655.0,241958,2288775
2025-01-08 11:15:00,2655.0,2660.0,2648.0,2648.0,137461,2296617
2025-01-08 14:15:00,2649.0,2665.0,2647.0,2664.0,170227,2291320
2025-01-08 15:00:00,2664.0,2665.0,2645.0,2646.0,136239,2297762
2025-01-08 22:00:00,2640.0,2644.0,2624.0,2633.0,366337,2315024
2025-01-08 23:00:00,2633.0,2642.0,2628.0,2642.0,158529,2298743
2025-01-09 10:00:00,2641.0,2641.0,2630.0,2630.0,137487,2305141
2025-01-09 11:15:00,2630.0,2636.0,2626.0,2634.0,128347,2297638
2025-01-09 14:15:00,2634.0,2638.0,2614.0,2624.0,275941,2306023
2025-01-09 15:00:00,2623.0,2628.0,2615.0,2616.0,177396,2288796
2025-01-09 22:00:00,2617.0,2635.0,2616.0,2628.0,308095,2292831
2025-01-09 23:00:00,2628.0,2630.0,2619.0,2624.0,149543,2283649
2025-01-10 10:00:00,2630.0,2654.0,2627.0,2650.0,372232,2272143
2025-01-10 11:15:00,2649.0,2660.0,2646.0,2648.0,211451,2278441
2025-01-10 14:15:00,2649.0,2656.0,2644.0,2653.0,136767,2268559
2025-01-10 15:00:00,2652.0,2660.0,2648.0,2659.0,92391,2262096
2025-01-10 22:00:00,2664.0,2666.0,2646.0,2653.0,222542,2267781
2025-01-10 23:00:00,2653.0,2667.0,2652.0,2664.0,157592,2265019
2025-01-13 10:00:00,2708.0,2724.0,2701.0,2716.0,269038,2246636
2025-01-13 11:15:00,2719.0,2738.0,2718.0,2734.0,212928,2265914
2025-01-13 14:15:00,2734.0,2739.0,2725.0,2737.0,171267,2267897
2025-01-13 15:00:00,2737.0,2743.0,2732.0,2741.0,178903,2258690
2025-01-13 22:00:00,2741.0,2747.0,2734.0,2742.0,350636,2289851
2025-01-13 23:00:00,2743.0,2753.0,2739.0,2747.0,207195,2276743
2025-01-14 10:00:00,2779.0,2779.0,2752.0,2755.0,412563,2296558
2025-01-14 11:15:00,2756.0,2760.0,2746.0,2757.0,160131,2289450
2025-01-14 14:15:00,2756.0,2757.0,2739.0,2756.0,188825,2281308
2025-01-14 15:00:00,2757.0,2760.0,2752.0,2753.0,117776,2276390
2025-01-14 22:00:00,2744.0,2752.0,2741.0,2745.0,262052,2284131
2025-01-14 23:00:00,2745.0,2764.0,2744.0,2763.0,178010,2283272
2025-01-15 10:00:00,2747.0,2762.0,2742.0,2758.0,277376,2297458
2025-01-15 11:15:00,2758.0,2765.0,2753.0,2764.0,162303,2315998
2025-01-15 14:15:00,2763.0,2773.0,2760.0,2765.0,183907,2299849
2025-01-15 15:00:00,2766.0,2774.0,2763.0,2772.0,1354941,2292593
2025-01-15 22:00:00,2766.0,2786.0,2766.0,2784.0,269553,2306564
2025-01-15 23:00:00,2785.0,2791.0,2765.0,2766.0,302845,2304000
2025-01-16 10:00:00,2762.0,2765.0,2748.0,2748.0,279847,2318459
2025-01-16 11:15:00,2748.0,2760.0,2747.0,2754.0,98705,2315448
2025-01-16 14:15:00,2755.0,2759.0,2744.0,2758.0,75435,2315039
2025-01-16 15:00:00,2757.0,2763.0,2754.0,2761.0,32501,2310436
2025-01-16 22:00:00,2752.0,2758.0,2733.0,2747.0,386953,2310971
2025-01-16 23:00:00,2748.0,2752.0,2745.0,2749.0,135327,2305396
2025-01-17 10:00:00,2739.0,2777.0,2736.0,2768.0,365048,2305647
2025-01-17 11:15:00,2768.0,2788.0,2765.0,2781.0,173021,2317765
2025-01-17 14:15:00,2781.0,2781.0,2769.0,2779.0,47012,2317342
2025-01-17 15:00:00,2779.0,2783.0,2775.0,2779.0,62234,2309560
2025-01-17 22:00:00,2777.0,2794.0,2772.0,2788.0,418428,2324564
2025-01-17 23:00:00,2788.0,2789.0,2771.0,2777.0,222652,2307129
2025-01-20 10:00:00,2790.0,2804.0,2782.0,2788.0,236568,2295995
2025-01-20 11:15:00,2787.0,2790.0,2778.0,2785.0,75172,2281321
2025-01-20 14:15:00,2785.0,2803.0,2784.0,2801.0,204459,2287380
2025-01-20 15:00:00,2802.0,2815.0,2800.0,2812.0,249404,2278087
2025-01-20 22:00:00,2812.0,2820.0,2810.0,2816.0,285772,2271118
2025-01-20 23:00:00,2816.0,2822.0,2809.0,2812.0,182489,2267590
2025-01-21 10:00:00,2810.0,2813.0,2800.0,2808.0,267563,2276230
2025-01-21 11:15:00,2808.0,2831.0,2806.0,2827.0,222039,2289079
2025-01-21 14:15:00,2828.0,2863.0,2824.0,2861.0,523338,2302121
2025-01-21 15:00:00,2862.0,2865.0,2845.0,2849.0,281107,2297657
2025-01-21 22:00:00,2849.0,2861.0,2837.0,2839.0,399681,2313799
2025-01-21 23:00:00,2839.0,2844.0,2824.0,2826.0,297004,2308945
2025-01-22 10:00:00,2854.0,2864.0,2845.0,2847.0,401933,2285274
2025-01-22 11:15:00,2847.0,2857.0,2841.0,2857.0,199674,2289968
2025-01-22 14:15:00,2855.0,2862.0,2849.0,2851.0,194055,2296303
2025-01-22 15:00:00,2852.0,2854.0,2839.0,2844.0,170515,2293014
2025-01-22 22:00:00,2846.0,2867.0,2841.0,2864.0,337617,2308252
2025-01-22 23:00:00,2863.0,2871.0,2858.0,2863.0,245902,2302474
2025-01-23 10:00:00,2855.0,2858.0,2846.0,2852.0,238491,2303238
2025-01-23 11:15:00,2852.0,2852.0,2828.0,2835.0,280924,2309443
2025-01-23 14:15:00,2835.0,2844.0,2831.0,2840.0,151474,2294599
2025-01-23 15:00:00,2840.0,2843.0,2831.0,2836.0,132197,2286468
2025-01-23 22:00:00,2846.0,2855.0,2843.0,2854.0,283388,2284113
2025-01-23 23:00:00,2854.0,2859.0,2847.0,2848.0,157470,2270626
2025-01-24 10:00:00,2845.0,2851.0,2824.0,2850.0,985677,2273631
2025-01-24 11:15:00,2850.0,2863.0,2839.0,2840.0,168714,2258322
2025-01-24 14:15:00,2840.0,2849.0,2838.0,2849.0,101348,2249355
2025-01-24 15:00:00,2848.0,2854.0,2839.0,2840.0,121066,2231284
2025-01-24 22:00:00,2832.0,2832.0,2806.0,2824.0,342889,2201724
2025-01-24 23:00:00,2825.0,2825.0,2811.0,2814.0,140681,2176144
2025-01-27 10:00:00,2811.0,2813.0,2796.0,2805.0,229235,2152403
2025-01-27 11:15:00,2805.0,2807.0,2784.0,2800.0,180126,2125103
2025-01-27 14:15:00,2800.0,2825.0,2794.0,2821.0,168603,2108387
2025-01-27 15:00:00,2822.0,2824.0,2815.0,2821.0,81883,2085667
2025-02-05 10:00:00,2891.0,2909.0,2874.0,2902.0,450400,2102898
2025-02-05 11:15:00,2906.0,2914.0,2893.0,2911.0,90870,2112634
2025-02-05 14:15:00,2911.0,2929.0,2908.0,2921.0,203640,2153993
2025-02-05 15:00:00,2921.0,2935.0,2919.0,2932.0,148970,2152144
2025-02-05 22:00:00,2929.0,2941.0,2928.0,2930.0,378144,2183582
2025-02-05 23:00:00,2930.0,2932.0,2923.0,2926.0,172199,2168766
2025-02-06 10:00:00,2920.0,2920.0,2881.0,2887.0,449871,2145668
2025-02-06 11:15:00,2887.0,2893.0,2876.0,2892.0,180231,2107712
2025-02-06 14:15:00,2892.0,2905.0,2890.0,2901.0,166176,2102214
2025-02-06 15:00:00,2902.0,2909.0,2901.0,2902.0,114274,2100418
2025-02-06 22:00:00,2906.0,2913.0,2887.0,2890.0,317808,2116302
2025-02-06 23:00:00,2891.0,2895.0,2861.0,2874.0,336393,2104686
2025-02-07 10:00:00,2888.0,2898.0,2876.0,2893.0,234920,2104143
2025-02-07 11:15:00,2892.0,2904.0,2883.0,2904.0,87655,2107462
2025-02-07 14:15:00,2903.0,2920.0,2894.0,2917.0,77011,2121108
2025-02-07 15:00:00,2910.0,2914.0,2902.0,2909.0,78257,2121720
2025-02-07 22:00:00,2898.0,2905.0,2885.0,2902.0,349167,2126022
2025-02-07 23:00:00,2903.0,2906.0,2888.0,2898.0,213709,2118229
2025-02-10 10:00:00,2898.0,2952.0,2898.0,2938.0,606189,2231107
2025-02-10 11:15:00,2937.0,2939.0,2924.0,2932.0,136343,2244681
2025-02-10 14:15:00,2932.0,2933.0,2896.0,2909.0,447910,2248832
2025-02-10 15:00:00,2909.0,2914.0,2895.0,2899.0,221080,2246632
2025-02-10 22:00:00,2904.0,2909.0,2881.0,2887.0,579050,2263470
2025-02-10 23:00:00,2887.0,2907.0,2882.0,2902.0,244892,2256675
2025-02-11 10:00:00,2902.0,2911.0,2896.0,2905.0,1107551,2250040
2025-02-11 11:15:00,2904.0,2914.0,2891.0,2894.0,131044,2243040
2025-02-11 14:15:00,2895.0,2911.0,2890.0,2897.0,217246,2249585
2025-02-11 15:00:00,2896.0,2903.0,2892.0,2900.0,132942,2242674
2025-02-11 22:00:00,2907.0,2908.0,2872.0,2884.0,439416,2246956
2025-02-11 23:00:00,2885.0,2890.0,2878.0,2883.0,169476,2254344
2025-02-12 10:00:00,2868.0,2887.0,2852.0,2881.0,427034,2259139
2025-02-12 11:15:00,2882.0,2885.0,2867.0,2868.0,203993,2261327
2025-02-12 14:15:00,2867.0,2871.0,2835.0,2849.0,472050,2267976
2025-02-12 15:00:00,2849.0,2862.0,2843.0,2854.0,203786,2255676
2025-02-12 22:00:00,2839.0,2844.0,2829.0,2835.0,356376,2279599
2025-02-12 23:00:00,2834.0,2841.0,2824.0,2836.0,283127,2269326
2025-02-13 10:00:00,2822.0,2847.0,2821.0,2844.0,334880,2262777
2025-02-13 11:15:00,2844.0,2853.0,2841.0,2846.0,170653,2260559
2025-02-13 14:15:00,2847.0,2853.0,2839.0,2843.0,180581,2265335
2025-02-13 15:00:00,2843.0,2849.0,2841.0,2845.0,76067,2251594
2025-02-13 22:00:00,2840.0,2861.0,2839.0,2848.0,421275,2275674
2025-02-13 23:00:00,2848.0,2885.0,2847.0,2879.0,447472,2269553
2025-02-14 10:00:00,2879.0,2881.0,2857.0,2863.0,264950,2271891
2025-02-14 11:15:00,2863.0,2878.0,2858.0,2876.0,162586,2272118
2025-02-14 14:15:00,2875.0,2894.0,2867.0,2888.0,195401,2270151
2025-02-14 15:00:00,2888.0,2892.0,2880.0,2883.0,98287,2272231
2025-02-14 22:00:00,2890.0,2900.0,2863.0,2863.0,384920,2279819
2025-02-14 23:00:00,2863.0,2883.0,2863.0,2881.0,219464,2260376
2025-02-17 10:00:00,2892.0,2897.0,2856.0,2859.0,184888,2269523
2025-02-17 11:15:00,2858.0,2860.0,2847.0,2853.0,120300,2281351
2025-02-17 14:15:00,2854.0,2859.0,2849.0,2853.0,137824,2285542
2025-02-17 15:00:00,2852.0,2856.0,2844.0,2849.0,98146,2274748
2025-02-17 22:00:00,2852.0,2866.0,2849.0,2864.0,310097,2276234
2025-02-17 23:00:00,2865.0,2871.0,2860.0,2864.0,184752,2268614
2025-02-18 10:00:00,2864.0,2877.0,2856.0,2867.0,309037,2291014
2025-02-18 11:15:00,2868.0,2871.0,2856.0,2856.0,155354,2305688
2025-02-18 14:15:00,2856.0,2862.0,2847.0,2851.0,162652,2306001
2025-02-18 15:00:00,2851.0,2859.0,2850.0,2858.0,97357,2290185
2025-02-18 22:00:00,2868.0,2894.0,2866.0,2889.0,504761,2317749
2025-02-18 23:00:00,2890.0,2893.0,2884.0,2891.0,172533,2311571
2025-02-19 10:00:00,2889.0,2889.0,2874.0,2881.0,1133640,2304866
2025-02-19 11:15:00,2881.0,2887.0,2879.0,2886.0,124704,2308340
2025-02-19 14:15:00,2886.0,2895.0,2883.0,2888.0,180449,2320467
2025-02-19 15:00:00,2889.0,2905.0,2886.0,2902.0,211190,2329006
2025-02-19 22:00:00,2908.0,2917.0,2900.0,2910.0,358527,2356877
2025-02-19 23:00:00,2911.0,2913.0,2903.0,2913.0,175522,2342005
2025-02-20 10:00:00,2903.0,2909.0,2893.0,2902.0,247804,2340453
2025-02-20 11:15:00,2901.0,2913.0,2898.0,2912.0,147073,2347633
2025-02-20 14:15:00,2912.0,2920.0,2905.0,2918.0,221012,2356099
2025-02-20 15:00:00,2919.0,2930.0,2918.0,2929.0,191565,2361145
2025-02-20 22:00:00,2923.0,2942.0,2923.0,2935.0,337684,2391252
2025-02-20 23:00:00,2935.0,2950.0,2929.0,2947.0,217422,2389761
2025-02-21 10:00:00,2954.0,2975.0,2954.0,2958.0,501584,2433263
2025-02-21 11:15:00,2957.0,2974.0,2956.0,2967.0,204532,2456013
2025-02-21 14:15:00,2967.0,2985.0,2958.0,2963.0,306426,2463695
2025-02-21 15:00:00,2963.0,2964.0,2936.0,2945.0,375684,2417010
2025-02-21 22:00:00,2944.0,2964.0,2940.0,2962.0,335729,2435611
2025-02-21 23:00:00,2963.0,2963.0,2942.0,2949.0,230422,2423315
2025-02-24 10:00:00,2948.0,2962.0,2933.0,2935.0,244320,2419907
2025-02-24 11:15:00,2934.0,2944.0,2918.0,2922.0,266549,2398904
2025-02-24 14:15:00,2921.0,2923.0,2896.0,2901.0,414430,2379171
2025-02-24 15:00:00,2901.0,2913.0,2898.0,2905.0,186438,2362065
2025-02-24 22:00:00,2905.0,2913.0,2897.0,2910.0,286167,2369205
2025-02-24 23:00:00,2910.0,2914.0,2905.0,2909.0,154102,2358580
2025-02-25 10:00:00,2896.0,2914.0,2886.0,2909.0,384813,2343876
2025-02-25 11:15:00,2910.0,2926.0,2909.0,2925.0,1179823,2345383
2025-02-25 14:15:00,2925.0,2927.0,2916.0,2923.0,159056,2349792
2025-02-25 15:00:00,2923.0,2924.0,2907.0,2912.0,171551,2325018
2025-02-25 22:00:00,2901.0,2905.0,2871.0,2875.0,601424,2322006
2025-02-25 23:00:00,2875.0,2882.0,2865.0,2870.0,355078,2308789
2025-02-26 10:00:00,2884.0,2887.0,2872.0,2878.0,297240,2303553
2025-02-26 11:15:00,2878.0,2895.0,2877.0,2885.0,142186,2301581
2025-02-26 14:15:00,2885.0,2891.0,2878.0,2889.0,87546,2301709
2025-02-26 15:00:00,2889.0,2892.0,2885.0,2886.0,84221,2289007
2025-02-26 22:00:00,2879.0,2893.0,2875.0,2884.0,346238,2304880
2025-02-26 23:00:00,2885.0,2894.0,2883.0,2886.0,185558,2300738
2025-02-27 10:00:00,2887.0,2909.0,2881.0,2901.0,306221,2308398
2025-02-27 11:15:00,2901.0,2929.0,2900.0,2927.0,330837,2344416
2025-02-27 14:15:00,2928.0,2942.0,2924.0,2938.0,427919,2378895
2025-02-27 15:00:00,2937.0,2941.0,2933.0,2939.0,150285,2373333
2025-02-27 22:00:00,2944.0,2946.0,2925.0,2933.0,431857,2371843
2025-02-27 23:00:00,2933.0,2934.0,2915.0,2929.0,325406,2345779
2025-02-28 10:00:00,2919.0,2930.0,2916.0,2922.0,321653,2340386
2025-02-28 11:15:00,2922.0,2936.0,2917.0,2934.0,198469,2358263
2025-02-28 14:15:00,2934.0,2938.0,2922.0,2934.0,249583,2372545
2025-02-28 15:00:00,2934.0,2935.0,2926.0,2933.0,168909,2347909
2025-02-28 22:00:00,2929.0,2977.0,2922.0,2969.0,841651,2456651
2025-02-28 23:00:00,2969.0,2974.0,2943.0,2948.0,456304,2424374
2025-03-03 10:00:00,2932.0,2970.0,2926.0,2966.0,552536,2447087
2025-03-03 11:15:00,2967.0,2975.0,2960.0,2965.0,254751,2464495
2025-03-03 14:15:00,2966.0,3015.0,2961.0,2998.0,751297,2538181
2025-03-03 15:00:00,2998.0,3008.0,2994.0,3007.0,3503160,2526408
2025-03-03 22:00:00,3001.0,3005.0,2983.0,2987.0,552692,2548145
2025-03-03 23:00:00,2987.0,2999.0,2986.0,2993.0,255923,2543877
2025-03-04 10:00:00,2998.0,3015.0,2965.0,2983.0,780938,2527272
2025-03-04 11:15:00,2983.0,2984.0,2945.0,2959.0,588680,2509424
2025-03-04 14:15:00,2960.0,3023.0,2959.0,2971.0,899785,2531374
2025-03-04 15:00:00,2972.0,2985.0,2970.0,2975.0,3921812,2515598
2025-03-04 22:00:00,2971.0,2982.0,2942.0,2948.0,840139,2522404
2025-03-04 23:00:00,2949.0,2953.0,2927.0,2931.0,517868,2501332
2025-03-05 10:00:00,2935.0,2951.0,2916.0,2919.0,551888,2493378
2025-03-05 11:15:00,2918.0,2924.0,2883.0,2903.0,2556039,2441447
2025-03-05 14:15:00,2903.0,2906.0,2887.0,2892.0,254449,2425541
2025-03-05 15:00:00,2892.0,2893.0,2877.0,2881.0,272861,2388583
2025-03-05 22:00:00,2895.0,2901.0,2881.0,2885.0,452302,2416004
2025-03-05 23:00:00,2884.0,2886.0,2868.0,2870.0,316549,2395032
2025-03-06 10:00:00,2889.0,2894.0,2878.0,2882.0,375522,2388417
2025-03-06 11:15:00,2883.0,2893.0,2870.0,2872.0,308812,2376040
2025-03-06 14:15:00,2872.0,2896.0,2854.0,2891.0,604699,2302773
2025-03-06 15:00:00,2891.0,2897.0,2879.0,2893.0,246642,2270707
2025-03-06 22:00:00,2891.0,2910.0,2882.0,2903.0,565519,2272032
2025-03-06 23:00:00,2903.0,2909.0,2899.0,2902.0,283187,2251756
2025-03-07 10:00:00,2911.0,2924.0,2901.0,2919.0,457948,2244520
2025-03-07 11:15:00,2919.0,2921.0,2907.0,2909.0,215815,2229283
2025-03-07 14:15:00,2909.0,2910.0,2887.0,2895.0,351204,2213364
2025-03-07 15:00:00,2895.0,2901.0,2885.0,2885.0,2164641,2201010
2025-03-07 22:00:00,2886.0,2887.0,2863.0,2868.0,507706,2224824
2025-03-07 23:00:00,2866.0,2874.0,2865.0,2867.0,233310,2206194
2025-03-10 10:00:00,2941.0,2979.0,2932.0,2942.0,1326544,2202170
2025-03-10 11:15:00,2942.0,2956.0,2934.0,2937.0,304888,2212883
2025-03-10 14:15:00,2937.0,2942.0,2914.0,2924.0,373710,2219939
2025-03-10 15:00:00,2923.0,2938.0,2918.0,2937.0,209784,2201707
2025-03-10 22:00:00,2940.0,2944.0,2872.0,2875.0,1164444,2245223
2025-03-10 23:00:00,2875.0,2884.0,2871.0,2872.0,318477,2217893
2025-03-11 10:00:00,2870.0,2877.0,2857.0,2875.0,494176,2201926
2025-03-11 11:15:00,2874.0,2883.0,2864.0,2871.0,2671055,2162496
2025-03-11 14:15:00,2872.0,2872.0,2853.0,2860.0,348481,2158329
2025-03-11 15:00:00,2860.0,2863.0,2851.0,2855.0,240770,2140122
2025-03-11 22:00:00,2864.0,2870.0,2858.0,2866.0,447210,2119888
2025-03-11 23:00:00,2866.0,2874.0,2862.0,2869.0,192443,2090158
2025-03-12 10:00:00,2865.0,2865.0,2830.0,2831.0,1924398,2127438
2025-03-12 11:15:00,2831.0,2838.0,2825.0,2835.0,346472,2105962
2025-03-12 14:15:00,2834.0,2837.0,2823.0,2833.0,266232,2096555
2025-03-12 15:00:00,2832.0,2841.0,2830.0,2838.0,2287401,2055817
2025-03-12 22:00:00,2829.0,2864.0,2826.0,2859.0,576199,2062019
2025-03-12 23:00:00,2859.0,2860.0,2845.0,2851.0,302893,2045514
2025-03-13 10:00:00,2856.0,2875.0,2849.0,2868.0,395522,2044123
2025-03-13 11:15:00,2868.0,2874.0,2863.0,2872.0,251273,2038512
2025-03-13 14:15:00,2872.0,2878.0,2853.0,2867.0,214354,2000727
2025-03-13 15:00:00,2867.0,2879.0,2864.0,2877.0,169251,1978026
2025-03-13 22:00:00,2886.0,2898.0,2879.0,2895.0,465949,2006228
2025-03-13 23:00:00,2895.0,2901.0,2887.0,2900.0,235327,1984124
2025-03-14 10:00:00,2886.0,2893.0,2878.0,2892.0,327174,1974789
2025-03-14 11:15:00,2891.0,2896.0,2885.0,2893.0,164759,1960606
2025-03-14 14:15:00,2893.0,2902.0,2889.0,2892.0,184154,1945262
2025-03-14 15:00:00,2892.0,2904.0,2890.0,2901.0,179570,1942822
2025-03-14 22:00:00,2900.0,2926.0,2893.0,2911.0,558788,1988193
2025-03-14 23:00:00,2910.0,2912.0,2892.0,2898.0,316334,1961610
2025-03-17 10:00:00,2918.0,2928.0,2910.0,2920.0,272356,1933962
2025-03-17 11:15:00,2921.0,2925.0,2915.0,2918.0,1588239,1928319
2025-03-17 14:15:00,2918.0,2920.0,2902.0,2904.0,199401,1921738
2025-03-17 15:00:00,2903.0,2908.0,2893.0,2895.0,185594,1906683
2025-03-17 22:00:00,2898.0,2908.0,2889.0,2902.0,386739,1913982
2025-03-17 23:00:00,2901.0,2914.0,2900.0,2906.0,202424,1908520
2025-03-18 10:00:00,2910.0,2911.0,2894.0,2902.0,243117,1914199
2025-03-18 11:15:00,2902.0,2917.0,2900.0,2908.0,216822,1913471
2025-03-18 14:15:00,2907.0,2913.0,2899.0,2902.0,203050,1896680
2025-03-18 15:00:00,2902.0,2912.0,2899.0,2907.0,147897,1882645
2025-03-18 22:00:00,2908.0,2923.0,2902.0,2916.0,339547,1883790
2025-03-18 23:00:00,2917.0,2919.0,2905.0,2907.0,178164,1859383
2025-03-19 10:00:00,2906.0,2912.0,2880.0,2906.0,519412,1869974
2025-03-19 11:15:00,2906.0,2914.0,2904.0,2913.0,163701,1868548
2025-03-19 14:15:00,2913.0,2918.0,2909.0,2913.0,157132,1861812
2025-03-19 15:00:00,2912.0,2914.0,2906.0,2909.0,127838,1839730
2025-03-19 22:00:00,2908.0,2914.0,2900.0,2904.0,315438,1849982
2025-03-19 23:00:00,2904.0,2921.0,2904.0,2914.0,255720,1855649
2025-03-20 10:00:00,2916.0,2919.0,2899.0,2911.0,216920,1845265
2025-03-20 11:15:00,2911.0,2930.0,2911.0,2916.0,126324,1842126
2025-03-20 14:15:00,2916.0,2922.0,2865.0,2870.0,320903,1838481
2025-03-20 15:00:00,2869.0,2875.0,2855.0,2856.0,272842,1819988
2025-03-20 22:00:00,2850.0,2867.0,2845.0,2867.0,413868,1836417
2025-03-20 23:00:00,2866.0,2872.0,2864.0,2868.0,212038,1809557
2025-03-21 10:00:00,2869.0,2878.0,2865.0,2877.0,232284,1803746
2025-03-21 11:15:00,2877.0,2883.0,2861.0,2864.0,182704,1795151
2025-03-21 14:15:00,2864.0,2871.0,2858.0,2865.0,103443,1790578
2025-03-21 15:00:00,2866.0,2866.0,2858.0,2861.0,113043,1776107
2025-03-21 22:00:00,2857.0,2861.0,2847.0,2855.0,271945,1789691
2025-03-21 23:00:00,2854.0,2855.0,2843.0,2853.0,190707,1774684
2025-03-24 10:00:00,2851.0,2853.0,2834.0,2839.0,241186,1779932
2025-03-24 11:15:00,2841.0,2851.0,2839.0,2850.0,123810,1776893
2025-03-24 14:15:00,2851.0,2857.0,2848.0,2854.0,151228,1769175
2025-03-24 15:00:00,2853.0,2862.0,2852.0,2858.0,125996,1758511
2025-03-24 22:00:00,2860.0,2862.0,2848.0,2849.0,175136,1758353
2025-03-24 23:00:00,2850.0,2859.0,2848.0,2857.0,121747,1745015
2025-03-25 10:00:00,2855.0,2878.0,2852.0,2870.0,254618,1735435
2025-03-25 11:15:00,2869.0,2871.0,2860.0,2863.0,120749,1725390
2025-03-25 14:15:00,2864.0,2866.0,2851.0,2862.0,138203,1722340
2025-03-25 15:00:00,2862.0,2871.0,2861.0,2868.0,113309,1716415
2025-03-25 22:00:00,2861.0,2873.0,2861.0,2864.0,191158,1717322
2025-03-25 23:00:00,2863.0,2874.0,2860.0,2871.0,144764,1707971
2025-03-26 10:00:00,2869.0,2873.0,2863.0,2867.0,117416,1705036
2025-03-26 11:15:00,2867.0,2868.0,2832.0,2837.0,425608,1730278
2025-03-26 14:15:00,2837.0,2837.0,2817.0,2823.0,487974,1754137
2025-03-26 15:00:00,2823.0,2825.0,2816.0,2820.0,179727,1736550
2025-03-26 22:00:00,2824.0,2827.0,2814.0,2824.0,294431,1705547
2025-03-26 23:00:00,2824.0,2829.0,2819.0,2827.0,121967,1679820
2025-03-27 10:00:00,2819.0,2824.0,2807.0,2823.0,291396,1671913
2025-03-27 11:15:00,2823.0,2831.0,2821.0,2826.0,134451,1654485
2025-03-27 14:15:00,2826.0,2837.0,2822.0,2831.0,170215,1622589
2025-03-27 15:00:00,2832.0,2836.0,2826.0,2826.0,131849,1590306
2025-03-27 22:00:00,2835.0,2840.0,2827.0,2838.0,263293,1555971
2025-03-27 23:00:00,2838.0,2840.0,2827.0,2829.0,127554,1541770
2025-03-28 10:00:00,2832.0,2840.0,2828.0,2829.0,164322,1522802
2025-03-28 11:15:00,2828.0,2830.0,2818.0,2819.0,183616,1516992
2025-03-28 14:15:00,2818.0,2822.0,2813.0,2819.0,1000337,1502142
2025-03-28 15:00:00,2819.0,2821.0,2809.0,2813.0,139582,1486769
2025-03-28 22:00:00,2815.0,2820.0,2805.0,2815.0,207570,1491830
2025-03-28 23:00:00,2815.0,2824.0,2807.0,2823.0,134061,1461264
2025-03-31 10:00:00,2835.0,2845.0,2829.0,2829.0,148931,1429999
2025-03-31 11:15:00,2833.0,2845.0,2826.0,2830.0,85037,1415618
2025-03-31 14:15:00,2829.0,2840.0,2823.0,2835.0,124888,1391378
2025-03-31 15:00:00,2836.0,2855.0,2835.0,2851.0,128305,1358854
2025-03-31 22:00:00,2850.0,2852.0,2839.0,2846.0,208683,1348912
2025-03-31 23:00:00,2846.0,2850.0,2842.0,2846.0,88647,1334458
2025-04-01 10:00:00,2820.0,2824.0,2790.0,2804.0,506868,1330354
2025-04-01 11:15:00,2804.0,2822.0,2802.0,2816.0,171975,1315172
2025-04-01 14:15:00,2816.0,2817.0,2807.0,2809.0,95274,1308494
2025-04-01 15:00:00,2809.0,2814.0,2802.0,2804.0,88155,1297136
2025-04-01 22:00:00,2813.0,2813.0,2797.0,2809.0,214728,1295226
2025-04-01 23:00:00,2809.0,2818.0,2807.0,2817.0,128494,1276289
2025-04-02 10:00:00,2817.0,2830.0,2813.0,2827.0,182863,1262689
2025-04-02 11:15:00,2828.0,2840.0,2825.0,2832.0,133786,1247220
2025-04-02 14:15:00,2831.0,2836.0,2824.0,2834.0,93176,1240651
2025-04-02 15:00:00,2835.0,2838.0,2829.0,2832.0,94973,1222807
2025-04-02 22:00:00,2832.0,2834.0,2824.0,2825.0,168205,1211020
2025-04-02 23:00:00,2825.0,2827.0,2819.0,2826.0,92288,1203040
2025-04-03 10:00:00,2831.0,2865.0,2831.0,2836.0,410562,1168334
2025-04-03 11:15:00,2836.0,2854.0,2832.0,2844.0,140168,1157094
2025-04-03 14:15:00,2844.0,2857.0,2833.0,2854.0,121851,1138740
2025-04-03 15:00:00,2854.0,2868.0,2849.0,2865.0,161042,1108278
2025-04-07 10:00:00,2924.0,2944.0,2873.0,2909.0,536848,1035183
2025-04-07 11:15:00,2912.0,2936.0,2899.0,2904.0,222592,998471
2025-04-07 14:15:00,2904.0,2906.0,2891.0,2898.0,108665,987040
2025-04-07 15:00:00,2898.0,2901.0,2871.0,2885.0,122796,965720
2025-04-07 22:00:00,2891.0,2907.0,2884.0,2905.0,158867,953850
2025-04-07 23:00:00,2905.0,2909.0,2881.0,2886.0,50932,942686
2025-04-08 10:00:00,2891.0,2915.0,2891.0,2905.0,79642,917328
2025-04-08 11:15:00,2905.0,2912.0,2897.0,2902.0,33500,909141
2025-04-08 14:15:00,2904.0,2965.0,2903.0,2956.0,132236,877254
2025-04-08 15:00:00,2956.0,2977.0,2955.0,2973.0,54780,854452
2025-04-08 22:00:00,2975.0,2975.0,2951.0,2966.0,163337,841000
2025-04-08 23:00:00,2965.0,2972.0,2952.0,2968.0,100271,833042
2025-04-09 10:00:00,2971.0,2985.0,2944.0,2949.0,38974,817645
2025-04-09 11:15:00,2946.0,2962.0,2932.0,2955.0,39578,813198
2025-04-09 14:15:00,2955.0,2971.0,2943.0,2947.0,41650,797781
2025-04-09 15:00:00,2947.0,2948.0,2920.0,2946.0,39086,784376
2025-04-09 22:00:00,2960.0,2963.0,2927.0,2938.0,94495,777832
2025-04-09 23:00:00,2940.0,2943.0,2926.0,2931.0,26823,772779
2025-04-10 10:00:00,2932.0,2948.0,2889.0,2909.0,68445,755104
2025-04-10 11:15:00,2912.0,2915.0,2902.0,2913.0,49961,745830
2025-04-10 14:15:00,2913.0,2920.0,2895.0,2895.0,88867,724443
2025-04-10 15:00:00,2896.0,2899.0,2890.0,2896.0,66299,709060
2025-04-10 22:00:00,2896.0,2914.0,2894.0,2909.0,81688,707767
2025-04-10 23:00:00,2909.0,2914.0,2897.0,2910.0,46489,699030
2025-04-11 10:00:00,2910.0,2911.0,2882.0,2883.0,89773,695930
2025-04-11 11:15:00,2883.0,2912.0,2882.0,2908.0,558471,691650
2025-04-11 14:15:00,2909.0,2936.0,2907.0,2918.0,119168,677610
2025-04-11 15:00:00,2918.0,2926.0,2912.0,2912.0,46190,674506
2025-04-11 22:00:00,2920.0,2927.0,2916.0,2920.0,62810,678269
2025-04-11 23:00:00,2920.0,2939.0,2919.0,2927.0,66427,672142
2025-04-14 10:00:00,2947.0,2964.0,2935.0,2946.0,182072,667201
2025-04-14 11:15:00,2946.0,2960.0,2946.0,2957.0,35025,666735
